id,name
0,102045819_cartoon_picture_of_a__blond_web_developer_with_short_hair_like_tintin.png
1,102045819_cartoon_picture_of_a_belgian_web_developer.png
2,132775602_cartoon_picture_of_a_belgian_art_student.png
3,1359942334_belgian_art_student.png
4,2090548066_corporate_website_banana_piano.png
5,2090548066_ecommerce_website_selling_bananas_and_pianos.png
6,2134156107_square_logo_of_company_with_a_banana_and_a_piano.png
7,2149567781_hipster_logo_with_a_banana_and_a_piano.png
8,2151587886_Picture_of_an_piano_on_top_of_a_hill_in_the_seaside_mountains.png
9,2205798160_Picture_of_an_piano_and_a_banana_on_top_of_a_hill_in_the_seaside_mountains.png
10,2619357836_corporate_logo_of_a_banana_and_a_piano_.png
11,2652689435_square_logo_of_company_named_banana_piano.png
12,281284129_a_beautiful_picture_of_a_strawberry_playing_drums_in_a_belgian_street_hd.png
13,3060394272_A_cartoon_image_of_a_banana_in_love_with_a_piano.png
14,3289215624_a_banana_and_a_piano_in_dumpster_in_front_of_a_ugly_belgian_city_house(1).png
15,3289215624_a_banana_and_a_piano_in_dumpster_in_front_of_a_ugly_belgian_city_house.png
16,3289215624_a_banana_and_a_piano_in_front_of_a_ugly_belgian_city_house.png
17,3289215624_a_beautiful_scene_picturing_an_apple_and_a_trumpet.png
18,3289215624_a_beautiful_scene_picturing_an_raspberry_and_a_saxophone.png
19,3289215624_a_beautiful_scene_picturing_an_raspberry_playing__saxophone.png
20,3289215624_a_beautiful_scene_picturing_an_raspberry_playing__saxophone_on_the_street.png
21,3289215624_a_cartoon_picture_of_an_apple_and_a_trumpet.png
22,3289215624_a_piano__a_banana_as_friends_on_top_of_a_hill.png
23,3289215624_an_apple_and_a_trumpet.png
24,3289215624_beautiful_Picture_of_a_piano_and_a_banana_on_top_of_a_hill_in_the_seaside_mountains_at_dusk.png
25,3289215624_cartoon_image_of_a_banana_piano.png
26,3394123187_company_logo_featuring_a_banana_piano_with_a_green_background.png
27,346476621_a_cartoon_picture_of_a_strawberry_playing_drums.png
28,4160082713_Realistic_picture_of_a_banana_playing_piano.png
29,4160082713_banana_piano.png
30,4235040499_a_beautiful_picture_of_a_strawberry_playing_drums_in_a_belgian_street.png
31,466549318_Picture_of_an_old_armchair_on_top_of_a_hill_with_a_small_city_below_at_dusk_in_the_seaside_mountains.png
32,827873283_a_cartoon_picture_of_a_strawberry_playing_drums.png
33,869786830_a_beautiful_picture_of_a_watermelon_playing_marioca_in_a_belgian_street.png
34,873574639_walloon_multimedia_student.png
35,954527031_belgian_multimedia_art_student.png
36,worms.png